date,title,source,url,range
2025-06-11,"Stock market news for June 12, 2025",CNBC,https://www.cnbc.com/2025/06/11/stock-market-today-live-updates.html,2024-05-02~2024-05-09
2025-06-11,"Stock market news for June 12, 2025",CNBC,https://www.cnbc.com/2025/06/11/stock-market-today-live-updates.html,2024-06-13~2024-06-20
2025-06-11,"Stock market news for June 12, 2025",CNBC,https://www.cnbc.com/2025/06/11/stock-market-today-live-updates.html,2024-06-06~2024-06-13
2025-06-11,"Stock market news for June 12, 2025",CNBC,https://www.cnbc.com/2025/06/11/stock-market-today-live-updates.html,2024-05-30~2024-06-06
2025-06-11,"Stock market news for June 12, 2025",CNBC,https://www.cnbc.com/2025/06/11/stock-market-today-live-updates.html,2024-05-23~2024-05-30
2025-06-11,"Stock market news for June 12, 2025",CNBC,https://www.cnbc.com/2025/06/11/stock-market-today-live-updates.html,2024-05-16~2024-05-23
2025-06-11,"Stock market news for June 12, 2025",CNBC,https://www.cnbc.com/2025/06/11/stock-market-today-live-updates.html,2024-05-09~2024-05-16
2025-06-11,"Stock market news for June 12, 2025",CNBC,https://www.cnbc.com/2025/06/11/stock-market-today-live-updates.html,2024-04-25~2024-05-02
2025-06-11,"Stock market news for June 12, 2025",CNBC,https://www.cnbc.com/2025/06/11/stock-market-today-live-updates.html,2024-04-18~2024-04-25
2025-06-11,"Stock market news for June 12, 2025",CNBC,https://www.cnbc.com/2025/06/11/stock-market-today-live-updates.html,2024-04-11~2024-04-18
2025-06-11,"Stock market news for June 12, 2025",CNBC,https://www.cnbc.com/2025/06/11/stock-market-today-live-updates.html,2024-04-04~2024-04-11
2025-06-11,"Stock market news for June 12, 2025",CNBC,https://www.cnbc.com/2025/06/11/stock-market-today-live-updates.html,2024-03-28~2024-04-04
2025-06-11,"Stock market news for June 12, 2025",CNBC,https://www.cnbc.com/2025/06/11/stock-market-today-live-updates.html,2024-06-20~2024-06-27
2025-06-11,"Stock market news for June 12, 2025",CNBC,https://www.cnbc.com/2025/06/11/stock-market-today-live-updates.html,2024-03-21~2024-03-28
2025-06-13,"Stocks tumble, oil soars as Israel’s strike on Iran jolts markets",The Globe and Mail,https://www.theglobeandmail.com/business/article-global-markets-investors-israel-iran-strikes/,2024-04-25~2024-05-02
2025-06-13,"Stocks tumble, oil soars as Israel’s strike on Iran jolts markets",The Globe and Mail,https://www.theglobeandmail.com/business/article-global-markets-investors-israel-iran-strikes/,2024-05-02~2024-05-09
2025-06-13,The AI Trade Is Back in Play: 2 Stocks to Buy for Summer Sizzle!,The Motley Fool Canada,https://www.fool.ca/2025/06/13/the-ai-trade-is-back-in-play-2-stocks-to-buy-for-summer-sizzle/,2024-06-06~2024-06-13
2025-06-13,"Stocks tumble, oil soars as Israel’s strike on Iran jolts markets",The Globe and Mail,https://www.theglobeandmail.com/business/article-global-markets-investors-israel-iran-strikes/,2024-06-06~2024-06-13
2025-06-13,"Stocks tumble, oil soars as Israel’s strike on Iran jolts markets",The Globe and Mail,https://www.theglobeandmail.com/business/article-global-markets-investors-israel-iran-strikes/,2024-06-20~2024-06-27
2025-06-13,"Stocks tumble, oil soars as Israel’s strike on Iran jolts markets",The Globe and Mail,https://www.theglobeandmail.com/business/article-global-markets-investors-israel-iran-strikes/,2024-04-11~2024-04-18
2025-06-13,The AI Trade Is Back in Play: 2 Stocks to Buy for Summer Sizzle!,The Motley Fool Canada,https://www.fool.ca/2025/06/13/the-ai-trade-is-back-in-play-2-stocks-to-buy-for-summer-sizzle/,2024-04-11~2024-04-18
2025-06-13,The AI Trade Is Back in Play: 2 Stocks to Buy for Summer Sizzle!,The Motley Fool Canada,https://www.fool.ca/2025/06/13/the-ai-trade-is-back-in-play-2-stocks-to-buy-for-summer-sizzle/,2024-04-18~2024-04-25
2025-06-13,The AI Trade Is Back in Play: 2 Stocks to Buy for Summer Sizzle!,The Motley Fool Canada,https://www.fool.ca/2025/06/13/the-ai-trade-is-back-in-play-2-stocks-to-buy-for-summer-sizzle/,2024-04-25~2024-05-02
2025-06-13,"Stocks tumble, oil soars as Israel’s strike on Iran jolts markets",The Globe and Mail,https://www.theglobeandmail.com/business/article-global-markets-investors-israel-iran-strikes/,2024-05-23~2024-05-30
2025-06-13,"Stocks tumble, oil soars as Israel’s strike on Iran jolts markets",The Globe and Mail,https://www.theglobeandmail.com/business/article-global-markets-investors-israel-iran-strikes/,2024-04-18~2024-04-25
2025-06-13,"Stocks tumble, oil soars as Israel’s strike on Iran jolts markets",The Globe and Mail,https://www.theglobeandmail.com/business/article-global-markets-investors-israel-iran-strikes/,2024-03-21~2024-03-28
2025-06-13,The AI Trade Is Back in Play: 2 Stocks to Buy for Summer Sizzle!,The Motley Fool Canada,https://www.fool.ca/2025/06/13/the-ai-trade-is-back-in-play-2-stocks-to-buy-for-summer-sizzle/,2024-05-23~2024-05-30
2025-06-13,The AI Trade Is Back in Play: 2 Stocks to Buy for Summer Sizzle!,The Motley Fool Canada,https://www.fool.ca/2025/06/13/the-ai-trade-is-back-in-play-2-stocks-to-buy-for-summer-sizzle/,2024-06-13~2024-06-20
2025-06-13,The AI Trade Is Back in Play: 2 Stocks to Buy for Summer Sizzle!,The Motley Fool Canada,https://www.fool.ca/2025/06/13/the-ai-trade-is-back-in-play-2-stocks-to-buy-for-summer-sizzle/,2024-05-02~2024-05-09
2025-06-13,"Stocks tumble, oil soars as Israel’s strike on Iran jolts markets",The Globe and Mail,https://www.theglobeandmail.com/business/article-global-markets-investors-israel-iran-strikes/,2024-06-13~2024-06-20
2025-06-13,The AI Trade Is Back in Play: 2 Stocks to Buy for Summer Sizzle!,The Motley Fool Canada,https://www.fool.ca/2025/06/13/the-ai-trade-is-back-in-play-2-stocks-to-buy-for-summer-sizzle/,2024-04-04~2024-04-11
2025-06-13,The AI Trade Is Back in Play: 2 Stocks to Buy for Summer Sizzle!,The Motley Fool Canada,https://www.fool.ca/2025/06/13/the-ai-trade-is-back-in-play-2-stocks-to-buy-for-summer-sizzle/,2024-05-09~2024-05-16
2025-06-13,"Stocks tumble, oil soars as Israel’s strike on Iran jolts markets",The Globe and Mail,https://www.theglobeandmail.com/business/article-global-markets-investors-israel-iran-strikes/,2024-05-09~2024-05-16
2025-06-13,"Stocks tumble, oil soars as Israel’s strike on Iran jolts markets",The Globe and Mail,https://www.theglobeandmail.com/business/article-global-markets-investors-israel-iran-strikes/,2024-05-16~2024-05-23
2025-06-13,The AI Trade Is Back in Play: 2 Stocks to Buy for Summer Sizzle!,The Motley Fool Canada,https://www.fool.ca/2025/06/13/the-ai-trade-is-back-in-play-2-stocks-to-buy-for-summer-sizzle/,2024-05-30~2024-06-06
2025-06-13,The AI Trade Is Back in Play: 2 Stocks to Buy for Summer Sizzle!,The Motley Fool Canada,https://www.fool.ca/2025/06/13/the-ai-trade-is-back-in-play-2-stocks-to-buy-for-summer-sizzle/,2024-06-20~2024-06-27
2025-06-13,"Stocks tumble, oil soars as Israel’s strike on Iran jolts markets",The Globe and Mail,https://www.theglobeandmail.com/business/article-global-markets-investors-israel-iran-strikes/,2024-03-28~2024-04-04
2025-06-13,The AI Trade Is Back in Play: 2 Stocks to Buy for Summer Sizzle!,The Motley Fool Canada,https://www.fool.ca/2025/06/13/the-ai-trade-is-back-in-play-2-stocks-to-buy-for-summer-sizzle/,2024-03-28~2024-04-04
2025-06-13,"Stocks tumble, oil soars as Israel’s strike on Iran jolts markets",The Globe and Mail,https://www.theglobeandmail.com/business/article-global-markets-investors-israel-iran-strikes/,2024-05-30~2024-06-06
2025-06-13,The AI Trade Is Back in Play: 2 Stocks to Buy for Summer Sizzle!,The Motley Fool Canada,https://www.fool.ca/2025/06/13/the-ai-trade-is-back-in-play-2-stocks-to-buy-for-summer-sizzle/,2024-03-21~2024-03-28
2025-06-13,The AI Trade Is Back in Play: 2 Stocks to Buy for Summer Sizzle!,The Motley Fool Canada,https://www.fool.ca/2025/06/13/the-ai-trade-is-back-in-play-2-stocks-to-buy-for-summer-sizzle/,2024-05-16~2024-05-23
2025-06-13,"Stocks tumble, oil soars as Israel’s strike on Iran jolts markets",The Globe and Mail,https://www.theglobeandmail.com/business/article-global-markets-investors-israel-iran-strikes/,2024-04-04~2024-04-11
2025-06-16,"Apple shares are at an inflection point, says StockBrockers.com's Jessica Inskip",CNBC,https://www.cnbc.com/2025/06/16/apple-shares-are-at-an-inflection-point-says-stockbrockerscoms-jessica-inskip.html,2024-05-02~2024-05-09
2025-06-16,Crypto platform Tron strikes deal with Nasdaq-listed company,CP24 Toronto,https://www.cp24.com/news/money/2025/06/16/crypto-platform-tron-strikes-deal-with-nasdaq-listed-company/,2024-05-30~2024-06-06
2025-06-16,2 Generational Growth Stocks That Are Hiding in Plain Sight,The Motley Fool Canada,https://www.fool.ca/2025/06/16/2-generational-growth-stocks-that-are-hiding-in-plain-sight/,2024-05-30~2024-06-06
2025-06-16,Crypto platform Tron strikes deal with Nasdaq-listed company,CP24 Toronto,https://www.cp24.com/news/money/2025/06/16/crypto-platform-tron-strikes-deal-with-nasdaq-listed-company/,2024-05-02~2024-05-09
2025-06-16,2 Generational Growth Stocks That Are Hiding in Plain Sight,The Motley Fool Canada,https://www.fool.ca/2025/06/16/2-generational-growth-stocks-that-are-hiding-in-plain-sight/,2024-05-09~2024-05-16
2025-06-16,"Apple shares are at an inflection point, says StockBrockers.com's Jessica Inskip",CNBC,https://www.cnbc.com/2025/06/16/apple-shares-are-at-an-inflection-point-says-stockbrockerscoms-jessica-inskip.html,2024-05-30~2024-06-06
2025-06-16,"Apple shares are at an inflection point, says StockBrockers.com's Jessica Inskip",CNBC,https://www.cnbc.com/2025/06/16/apple-shares-are-at-an-inflection-point-says-stockbrockerscoms-jessica-inskip.html,2024-05-09~2024-05-16
2025-06-16,Crypto platform Tron strikes deal with Nasdaq-listed company,CP24 Toronto,https://www.cp24.com/news/money/2025/06/16/crypto-platform-tron-strikes-deal-with-nasdaq-listed-company/,2024-05-09~2024-05-16
2025-06-16,2 Generational Growth Stocks That Are Hiding in Plain Sight,The Motley Fool Canada,https://www.fool.ca/2025/06/16/2-generational-growth-stocks-that-are-hiding-in-plain-sight/,2024-03-21~2024-03-28
2025-06-16,2 Generational Growth Stocks That Are Hiding in Plain Sight,The Motley Fool Canada,https://www.fool.ca/2025/06/16/2-generational-growth-stocks-that-are-hiding-in-plain-sight/,2024-05-23~2024-05-30
2025-06-16,Crypto platform Tron strikes deal with Nasdaq-listed company,CP24 Toronto,https://www.cp24.com/news/money/2025/06/16/crypto-platform-tron-strikes-deal-with-nasdaq-listed-company/,2024-05-23~2024-05-30
2025-06-16,"Apple shares are at an inflection point, says StockBrockers.com's Jessica Inskip",CNBC,https://www.cnbc.com/2025/06/16/apple-shares-are-at-an-inflection-point-says-stockbrockerscoms-jessica-inskip.html,2024-05-23~2024-05-30
2025-06-16,"Apple shares are at an inflection point, says StockBrockers.com's Jessica Inskip",CNBC,https://www.cnbc.com/2025/06/16/apple-shares-are-at-an-inflection-point-says-stockbrockerscoms-jessica-inskip.html,2024-05-16~2024-05-23
2025-06-16,Crypto platform Tron strikes deal with Nasdaq-listed company,CP24 Toronto,https://www.cp24.com/news/money/2025/06/16/crypto-platform-tron-strikes-deal-with-nasdaq-listed-company/,2024-05-16~2024-05-23
2025-06-16,2 Generational Growth Stocks That Are Hiding in Plain Sight,The Motley Fool Canada,https://www.fool.ca/2025/06/16/2-generational-growth-stocks-that-are-hiding-in-plain-sight/,2024-05-16~2024-05-23
2025-06-16,2 Generational Growth Stocks That Are Hiding in Plain Sight,The Motley Fool Canada,https://www.fool.ca/2025/06/16/2-generational-growth-stocks-that-are-hiding-in-plain-sight/,2024-05-02~2024-05-09
2025-06-16,"Apple shares are at an inflection point, says StockBrockers.com's Jessica Inskip",CNBC,https://www.cnbc.com/2025/06/16/apple-shares-are-at-an-inflection-point-says-stockbrockerscoms-jessica-inskip.html,2024-03-21~2024-03-28
2025-06-16,"Apple shares are at an inflection point, says StockBrockers.com's Jessica Inskip",CNBC,https://www.cnbc.com/2025/06/16/apple-shares-are-at-an-inflection-point-says-stockbrockerscoms-jessica-inskip.html,2024-06-06~2024-06-13
2025-06-16,Crypto platform Tron strikes deal with Nasdaq-listed company,CP24 Toronto,https://www.cp24.com/news/money/2025/06/16/crypto-platform-tron-strikes-deal-with-nasdaq-listed-company/,2024-04-25~2024-05-02
2025-06-16,"Apple shares are at an inflection point, says StockBrockers.com's Jessica Inskip",CNBC,https://www.cnbc.com/2025/06/16/apple-shares-are-at-an-inflection-point-says-stockbrockerscoms-jessica-inskip.html,2024-03-28~2024-04-04
2025-06-16,Crypto platform Tron strikes deal with Nasdaq-listed company,CP24 Toronto,https://www.cp24.com/news/money/2025/06/16/crypto-platform-tron-strikes-deal-with-nasdaq-listed-company/,2024-03-28~2024-04-04
2025-06-16,2 Generational Growth Stocks That Are Hiding in Plain Sight,The Motley Fool Canada,https://www.fool.ca/2025/06/16/2-generational-growth-stocks-that-are-hiding-in-plain-sight/,2024-03-28~2024-04-04
2025-06-16,2 Generational Growth Stocks That Are Hiding in Plain Sight,The Motley Fool Canada,https://www.fool.ca/2025/06/16/2-generational-growth-stocks-that-are-hiding-in-plain-sight/,2024-06-20~2024-06-27
2025-06-16,Crypto platform Tron strikes deal with Nasdaq-listed company,CP24 Toronto,https://www.cp24.com/news/money/2025/06/16/crypto-platform-tron-strikes-deal-with-nasdaq-listed-company/,2024-06-20~2024-06-27
2025-06-16,"Apple shares are at an inflection point, says StockBrockers.com's Jessica Inskip",CNBC,https://www.cnbc.com/2025/06/16/apple-shares-are-at-an-inflection-point-says-stockbrockerscoms-jessica-inskip.html,2024-06-20~2024-06-27
2025-06-16,"Apple shares are at an inflection point, says StockBrockers.com's Jessica Inskip",CNBC,https://www.cnbc.com/2025/06/16/apple-shares-are-at-an-inflection-point-says-stockbrockerscoms-jessica-inskip.html,2024-04-04~2024-04-11
2025-06-16,Crypto platform Tron strikes deal with Nasdaq-listed company,CP24 Toronto,https://www.cp24.com/news/money/2025/06/16/crypto-platform-tron-strikes-deal-with-nasdaq-listed-company/,2024-04-04~2024-04-11
2025-06-16,2 Generational Growth Stocks That Are Hiding in Plain Sight,The Motley Fool Canada,https://www.fool.ca/2025/06/16/2-generational-growth-stocks-that-are-hiding-in-plain-sight/,2024-04-04~2024-04-11
2025-06-16,2 Generational Growth Stocks That Are Hiding in Plain Sight,The Motley Fool Canada,https://www.fool.ca/2025/06/16/2-generational-growth-stocks-that-are-hiding-in-plain-sight/,2024-06-13~2024-06-20
2025-06-16,Crypto platform Tron strikes deal with Nasdaq-listed company,CP24 Toronto,https://www.cp24.com/news/money/2025/06/16/crypto-platform-tron-strikes-deal-with-nasdaq-listed-company/,2024-06-13~2024-06-20
2025-06-16,2 Generational Growth Stocks That Are Hiding in Plain Sight,The Motley Fool Canada,https://www.fool.ca/2025/06/16/2-generational-growth-stocks-that-are-hiding-in-plain-sight/,2024-04-25~2024-05-02
2025-06-16,"Apple shares are at an inflection point, says StockBrockers.com's Jessica Inskip",CNBC,https://www.cnbc.com/2025/06/16/apple-shares-are-at-an-inflection-point-says-stockbrockerscoms-jessica-inskip.html,2024-06-13~2024-06-20
2025-06-16,Crypto platform Tron strikes deal with Nasdaq-listed company,CP24 Toronto,https://www.cp24.com/news/money/2025/06/16/crypto-platform-tron-strikes-deal-with-nasdaq-listed-company/,2024-04-11~2024-04-18
2025-06-16,2 Generational Growth Stocks That Are Hiding in Plain Sight,The Motley Fool Canada,https://www.fool.ca/2025/06/16/2-generational-growth-stocks-that-are-hiding-in-plain-sight/,2024-04-11~2024-04-18
2025-06-16,2 Generational Growth Stocks That Are Hiding in Plain Sight,The Motley Fool Canada,https://www.fool.ca/2025/06/16/2-generational-growth-stocks-that-are-hiding-in-plain-sight/,2024-06-06~2024-06-13
2025-06-16,"Apple shares are at an inflection point, says StockBrockers.com's Jessica Inskip",CNBC,https://www.cnbc.com/2025/06/16/apple-shares-are-at-an-inflection-point-says-stockbrockerscoms-jessica-inskip.html,2024-04-18~2024-04-25
2025-06-16,Crypto platform Tron strikes deal with Nasdaq-listed company,CP24 Toronto,https://www.cp24.com/news/money/2025/06/16/crypto-platform-tron-strikes-deal-with-nasdaq-listed-company/,2024-04-18~2024-04-25
2025-06-16,2 Generational Growth Stocks That Are Hiding in Plain Sight,The Motley Fool Canada,https://www.fool.ca/2025/06/16/2-generational-growth-stocks-that-are-hiding-in-plain-sight/,2024-04-18~2024-04-25
2025-06-16,Crypto platform Tron strikes deal with Nasdaq-listed company,CP24 Toronto,https://www.cp24.com/news/money/2025/06/16/crypto-platform-tron-strikes-deal-with-nasdaq-listed-company/,2024-06-06~2024-06-13
2025-06-16,"Apple shares are at an inflection point, says StockBrockers.com's Jessica Inskip",CNBC,https://www.cnbc.com/2025/06/16/apple-shares-are-at-an-inflection-point-says-stockbrockerscoms-jessica-inskip.html,2024-04-25~2024-05-02
2025-06-16,"Apple shares are at an inflection point, says StockBrockers.com's Jessica Inskip",CNBC,https://www.cnbc.com/2025/06/16/apple-shares-are-at-an-inflection-point-says-stockbrockerscoms-jessica-inskip.html,2024-04-11~2024-04-18
2025-06-16,Crypto platform Tron strikes deal with Nasdaq-listed company,CP24 Toronto,https://www.cp24.com/news/money/2025/06/16/crypto-platform-tron-strikes-deal-with-nasdaq-listed-company/,2024-03-21~2024-03-28
2025-06-17,"2 Ways to Make Your $7,000 TFSA Contribution Work Harder This Year",The Motley Fool Canada,https://www.fool.ca/2025/06/17/2-ways-to-make-your-7000-tfsa-contribution-work-harder-this-year/,2024-05-30~2024-06-06
2025-06-17,"2 Ways to Make Your $7,000 TFSA Contribution Work Harder This Year",The Motley Fool Canada,https://www.fool.ca/2025/06/17/2-ways-to-make-your-7000-tfsa-contribution-work-harder-this-year/,2024-06-13~2024-06-20
2025-06-17,"2 Ways to Make Your $7,000 TFSA Contribution Work Harder This Year",The Motley Fool Canada,https://www.fool.ca/2025/06/17/2-ways-to-make-your-7000-tfsa-contribution-work-harder-this-year/,2024-06-20~2024-06-27
2025-06-17,"2 Ways to Make Your $7,000 TFSA Contribution Work Harder This Year",The Motley Fool Canada,https://www.fool.ca/2025/06/17/2-ways-to-make-your-7000-tfsa-contribution-work-harder-this-year/,2024-05-23~2024-05-30
2025-06-17,"2 Ways to Make Your $7,000 TFSA Contribution Work Harder This Year",The Motley Fool Canada,https://www.fool.ca/2025/06/17/2-ways-to-make-your-7000-tfsa-contribution-work-harder-this-year/,2024-06-06~2024-06-13
2025-06-17,"2 Ways to Make Your $7,000 TFSA Contribution Work Harder This Year",The Motley Fool Canada,https://www.fool.ca/2025/06/17/2-ways-to-make-your-7000-tfsa-contribution-work-harder-this-year/,2024-03-21~2024-03-28
2025-06-17,"2 Ways to Make Your $7,000 TFSA Contribution Work Harder This Year",The Motley Fool Canada,https://www.fool.ca/2025/06/17/2-ways-to-make-your-7000-tfsa-contribution-work-harder-this-year/,2024-03-28~2024-04-04
2025-06-17,"2 Ways to Make Your $7,000 TFSA Contribution Work Harder This Year",The Motley Fool Canada,https://www.fool.ca/2025/06/17/2-ways-to-make-your-7000-tfsa-contribution-work-harder-this-year/,2024-04-11~2024-04-18
2025-06-17,"2 Ways to Make Your $7,000 TFSA Contribution Work Harder This Year",The Motley Fool Canada,https://www.fool.ca/2025/06/17/2-ways-to-make-your-7000-tfsa-contribution-work-harder-this-year/,2024-05-16~2024-05-23
2025-06-17,"2 Ways to Make Your $7,000 TFSA Contribution Work Harder This Year",The Motley Fool Canada,https://www.fool.ca/2025/06/17/2-ways-to-make-your-7000-tfsa-contribution-work-harder-this-year/,2024-04-18~2024-04-25
2025-06-17,"2 Ways to Make Your $7,000 TFSA Contribution Work Harder This Year",The Motley Fool Canada,https://www.fool.ca/2025/06/17/2-ways-to-make-your-7000-tfsa-contribution-work-harder-this-year/,2024-05-09~2024-05-16
2025-06-17,"2 Ways to Make Your $7,000 TFSA Contribution Work Harder This Year",The Motley Fool Canada,https://www.fool.ca/2025/06/17/2-ways-to-make-your-7000-tfsa-contribution-work-harder-this-year/,2024-04-25~2024-05-02
2025-06-17,"2 Ways to Make Your $7,000 TFSA Contribution Work Harder This Year",The Motley Fool Canada,https://www.fool.ca/2025/06/17/2-ways-to-make-your-7000-tfsa-contribution-work-harder-this-year/,2024-05-02~2024-05-09
2025-06-17,"2 Ways to Make Your $7,000 TFSA Contribution Work Harder This Year",The Motley Fool Canada,https://www.fool.ca/2025/06/17/2-ways-to-make-your-7000-tfsa-contribution-work-harder-this-year/,2024-04-04~2024-04-11
2025-06-18,"Wall Street Live: S&P 500, Dow Jones, Nasdaq gain ahead of Fed interest rate decision",Livemint,https://www.livemint.com/market/stock-market-news/wall-street-live-s-p-500-dow-jones-nasdaq-muted-ahead-of-fed-interest-rate-decision-11750252955564.html,2024-05-02~2024-05-09
2025-06-18,"Wall Street Live: S&P 500, Dow Jones, Nasdaq gain ahead of Fed interest rate decision",Livemint,https://www.livemint.com/market/stock-market-news/wall-street-live-s-p-500-dow-jones-nasdaq-muted-ahead-of-fed-interest-rate-decision-11750252955564.html,2024-03-21~2024-03-28
2025-06-18,"Wall Street Live: S&P 500, Dow Jones, Nasdaq gain ahead of Fed interest rate decision",Livemint,https://www.livemint.com/market/stock-market-news/wall-street-live-s-p-500-dow-jones-nasdaq-muted-ahead-of-fed-interest-rate-decision-11750252955564.html,2024-04-11~2024-04-18
2025-06-18,"Wall Street Live: S&P 500, Dow Jones, Nasdaq gain ahead of Fed interest rate decision",Livemint,https://www.livemint.com/market/stock-market-news/wall-street-live-s-p-500-dow-jones-nasdaq-muted-ahead-of-fed-interest-rate-decision-11750252955564.html,2024-04-18~2024-04-25
2025-06-18,"Wall Street Live: S&P 500, Dow Jones, Nasdaq gain ahead of Fed interest rate decision",Livemint,https://www.livemint.com/market/stock-market-news/wall-street-live-s-p-500-dow-jones-nasdaq-muted-ahead-of-fed-interest-rate-decision-11750252955564.html,2024-04-25~2024-05-02
2025-06-18,"Wall Street Live: S&P 500, Dow Jones, Nasdaq gain ahead of Fed interest rate decision",Livemint,https://www.livemint.com/market/stock-market-news/wall-street-live-s-p-500-dow-jones-nasdaq-muted-ahead-of-fed-interest-rate-decision-11750252955564.html,2024-06-06~2024-06-13
2025-06-18,"Wall Street Live: S&P 500, Dow Jones, Nasdaq gain ahead of Fed interest rate decision",Livemint,https://www.livemint.com/market/stock-market-news/wall-street-live-s-p-500-dow-jones-nasdaq-muted-ahead-of-fed-interest-rate-decision-11750252955564.html,2024-06-13~2024-06-20
2025-06-18,"Wall Street Live: S&P 500, Dow Jones, Nasdaq gain ahead of Fed interest rate decision",Livemint,https://www.livemint.com/market/stock-market-news/wall-street-live-s-p-500-dow-jones-nasdaq-muted-ahead-of-fed-interest-rate-decision-11750252955564.html,2024-05-30~2024-06-06
2025-06-18,"Wall Street Live: S&P 500, Dow Jones, Nasdaq gain ahead of Fed interest rate decision",Livemint,https://www.livemint.com/market/stock-market-news/wall-street-live-s-p-500-dow-jones-nasdaq-muted-ahead-of-fed-interest-rate-decision-11750252955564.html,2024-05-23~2024-05-30
2025-06-18,"Wall Street Live: S&P 500, Dow Jones, Nasdaq gain ahead of Fed interest rate decision",Livemint,https://www.livemint.com/market/stock-market-news/wall-street-live-s-p-500-dow-jones-nasdaq-muted-ahead-of-fed-interest-rate-decision-11750252955564.html,2024-05-16~2024-05-23
2025-06-18,"Wall Street Live: S&P 500, Dow Jones, Nasdaq gain ahead of Fed interest rate decision",Livemint,https://www.livemint.com/market/stock-market-news/wall-street-live-s-p-500-dow-jones-nasdaq-muted-ahead-of-fed-interest-rate-decision-11750252955564.html,2024-03-28~2024-04-04
2025-06-18,"Wall Street Live: S&P 500, Dow Jones, Nasdaq gain ahead of Fed interest rate decision",Livemint,https://www.livemint.com/market/stock-market-news/wall-street-live-s-p-500-dow-jones-nasdaq-muted-ahead-of-fed-interest-rate-decision-11750252955564.html,2024-06-20~2024-06-27
2025-06-18,"Wall Street Live: S&P 500, Dow Jones, Nasdaq gain ahead of Fed interest rate decision",Livemint,https://www.livemint.com/market/stock-market-news/wall-street-live-s-p-500-dow-jones-nasdaq-muted-ahead-of-fed-interest-rate-decision-11750252955564.html,2024-05-09~2024-05-16
2025-06-18,"Wall Street Live: S&P 500, Dow Jones, Nasdaq gain ahead of Fed interest rate decision",Livemint,https://www.livemint.com/market/stock-market-news/wall-street-live-s-p-500-dow-jones-nasdaq-muted-ahead-of-fed-interest-rate-decision-11750252955564.html,2024-04-04~2024-04-11
2025-06-19,This is the one Magnificent 7 stock I don't own. Here's why,Motley Fool Australia,https://www.fool.com.au/2025/06/19/this-is-the-one-magnificent-7-stock-i-dont-own-heres-why/,2024-03-28~2024-04-04
2025-06-19,[Vantage Point] Regulatory silence and investor risk on Villar Land,Rappler,https://www.rappler.com/voices/thought-leaders/vantage-point-regulatory-silence-investor-risk-villar-land/,2024-04-04~2024-04-11
2025-06-19,This is the one Magnificent 7 stock I don't own. Here's why,Motley Fool Australia,https://www.fool.com.au/2025/06/19/this-is-the-one-magnificent-7-stock-i-dont-own-heres-why/,2024-04-11~2024-04-18
2025-06-19,[Vantage Point] Regulatory silence and investor risk on Villar Land,Rappler,https://www.rappler.com/voices/thought-leaders/vantage-point-regulatory-silence-investor-risk-villar-land/,2024-04-11~2024-04-18
2025-06-19,This is the one Magnificent 7 stock I don't own. Here's why,Motley Fool Australia,https://www.fool.com.au/2025/06/19/this-is-the-one-magnificent-7-stock-i-dont-own-heres-why/,2024-06-20~2024-06-27
2025-06-19,This is the one Magnificent 7 stock I don't own. Here's why,Motley Fool Australia,https://www.fool.com.au/2025/06/19/this-is-the-one-magnificent-7-stock-i-dont-own-heres-why/,2024-04-04~2024-04-11
2025-06-19,[Vantage Point] Regulatory silence and investor risk on Villar Land,Rappler,https://www.rappler.com/voices/thought-leaders/vantage-point-regulatory-silence-investor-risk-villar-land/,2024-03-28~2024-04-04
2025-06-19,[Vantage Point] Regulatory silence and investor risk on Villar Land,Rappler,https://www.rappler.com/voices/thought-leaders/vantage-point-regulatory-silence-investor-risk-villar-land/,2024-06-20~2024-06-27
2025-06-19,This is the one Magnificent 7 stock I don't own. Here's why,Motley Fool Australia,https://www.fool.com.au/2025/06/19/this-is-the-one-magnificent-7-stock-i-dont-own-heres-why/,2024-04-18~2024-04-25
2025-06-19,[Vantage Point] Regulatory silence and investor risk on Villar Land,Rappler,https://www.rappler.com/voices/thought-leaders/vantage-point-regulatory-silence-investor-risk-villar-land/,2024-03-21~2024-03-28
2025-06-19,[Vantage Point] Regulatory silence and investor risk on Villar Land,Rappler,https://www.rappler.com/voices/thought-leaders/vantage-point-regulatory-silence-investor-risk-villar-land/,2024-05-23~2024-05-30
2025-06-19,This is the one Magnificent 7 stock I don't own. Here's why,Motley Fool Australia,https://www.fool.com.au/2025/06/19/this-is-the-one-magnificent-7-stock-i-dont-own-heres-why/,2024-04-25~2024-05-02
2025-06-19,This is the one Magnificent 7 stock I don't own. Here's why,Motley Fool Australia,https://www.fool.com.au/2025/06/19/this-is-the-one-magnificent-7-stock-i-dont-own-heres-why/,2024-06-13~2024-06-20
2025-06-19,[Vantage Point] Regulatory silence and investor risk on Villar Land,Rappler,https://www.rappler.com/voices/thought-leaders/vantage-point-regulatory-silence-investor-risk-villar-land/,2024-04-18~2024-04-25
2025-06-19,This is the one Magnificent 7 stock I don't own. Here's why,Motley Fool Australia,https://www.fool.com.au/2025/06/19/this-is-the-one-magnificent-7-stock-i-dont-own-heres-why/,2024-05-23~2024-05-30
2025-06-19,[Vantage Point] Regulatory silence and investor risk on Villar Land,Rappler,https://www.rappler.com/voices/thought-leaders/vantage-point-regulatory-silence-investor-risk-villar-land/,2024-04-25~2024-05-02
2025-06-19,[Vantage Point] Regulatory silence and investor risk on Villar Land,Rappler,https://www.rappler.com/voices/thought-leaders/vantage-point-regulatory-silence-investor-risk-villar-land/,2024-06-06~2024-06-13
2025-06-19,This is the one Magnificent 7 stock I don't own. Here's why,Motley Fool Australia,https://www.fool.com.au/2025/06/19/this-is-the-one-magnificent-7-stock-i-dont-own-heres-why/,2024-06-06~2024-06-13
2025-06-19,This is the one Magnificent 7 stock I don't own. Here's why,Motley Fool Australia,https://www.fool.com.au/2025/06/19/this-is-the-one-magnificent-7-stock-i-dont-own-heres-why/,2024-05-02~2024-05-09
2025-06-19,[Vantage Point] Regulatory silence and investor risk on Villar Land,Rappler,https://www.rappler.com/voices/thought-leaders/vantage-point-regulatory-silence-investor-risk-villar-land/,2024-05-02~2024-05-09
2025-06-19,This is the one Magnificent 7 stock I don't own. Here's why,Motley Fool Australia,https://www.fool.com.au/2025/06/19/this-is-the-one-magnificent-7-stock-i-dont-own-heres-why/,2024-05-09~2024-05-16
2025-06-19,[Vantage Point] Regulatory silence and investor risk on Villar Land,Rappler,https://www.rappler.com/voices/thought-leaders/vantage-point-regulatory-silence-investor-risk-villar-land/,2024-05-09~2024-05-16
2025-06-19,[Vantage Point] Regulatory silence and investor risk on Villar Land,Rappler,https://www.rappler.com/voices/thought-leaders/vantage-point-regulatory-silence-investor-risk-villar-land/,2024-05-30~2024-06-06
2025-06-19,This is the one Magnificent 7 stock I don't own. Here's why,Motley Fool Australia,https://www.fool.com.au/2025/06/19/this-is-the-one-magnificent-7-stock-i-dont-own-heres-why/,2024-05-30~2024-06-06
2025-06-19,This is the one Magnificent 7 stock I don't own. Here's why,Motley Fool Australia,https://www.fool.com.au/2025/06/19/this-is-the-one-magnificent-7-stock-i-dont-own-heres-why/,2024-05-16~2024-05-23
2025-06-19,[Vantage Point] Regulatory silence and investor risk on Villar Land,Rappler,https://www.rappler.com/voices/thought-leaders/vantage-point-regulatory-silence-investor-risk-villar-land/,2024-05-16~2024-05-23
2025-06-19,[Vantage Point] Regulatory silence and investor risk on Villar Land,Rappler,https://www.rappler.com/voices/thought-leaders/vantage-point-regulatory-silence-investor-risk-villar-land/,2024-06-13~2024-06-20
2025-06-19,This is the one Magnificent 7 stock I don't own. Here's why,Motley Fool Australia,https://www.fool.com.au/2025/06/19/this-is-the-one-magnificent-7-stock-i-dont-own-heres-why/,2024-03-21~2024-03-28
